{
  "speed_metrics": {
    "20min": {
      "mae": 2.172883454107751,
      "rmse": 4.227870588304737,
      "r2": 0.9269237699895482
    },
    "30min": {
      "mae": 2.5431664028603356,
      "rmse": 4.680346393857092,
      "r2": 0.9104480757652778
    },
    "60min": {
      "mae": 3.473582549700537,
      "rmse": 6.194368873660894,
      "r2": 0.8431489018652294
    }
  },
  "class_metrics": {
    "20min": {
      "accuracy": 0.7981721045601984,
      "f1_weighted": 0.8093682462272178,
      "f1_macro": 0.7204640531215286
    },
    "30min": {
      "accuracy": 0.7581873688227437,
      "f1_weighted": 0.7687834556563308,
      "f1_macro": 0.6864148006049329
    },
    "60min": {
      "accuracy": 0.6767372638809388,
      "f1_weighted": 0.685404037932563,
      "f1_macro": 0.5568054825897534
    }
  }
}